1,benzkatlyn=PlannerWhite,city=Coralieborough,created_at=1544824640,daihatsurashawn=AssistantSchmidt,email=ginajacobi@jacobs.com,first_name=Darren,ip=192.206.251.189,last_name=Schultz,skodatoni=LiaisonUpton,backupspringgreen=4,compresscoral=5,compressdarkgreen=5,connectdarkgreen=7,indexmoccasin=5
10,city=Aubreychester,created_at=1557611840,email=dangelohintz@von.name,fiatoceane=DirectorSenger,first_name=Janie,ip=146.24.101.10,ladamelisa=AssociateGislason,last_name=Swaniawski,backupfloralwhite=9,compressburlywood=1,indexdarkkhaki=4,programmediumturquoise=4,quantifylavenderblush=3
11,city=Nathentown,corvetteverna=EngineerGislason,created_at=1539035840,email=justonhane@dubuque.org,first_name=Jackie,ip=66.156.24.89,last_name=Lehner,spykerbrendan=SupervisorNader,toyotahazle=ConsultantRodriguez,volvooleta=OrchestratorAnderson,backuplime=9,calculatedarkseagreen=6,connectlightcyan=6,programdarkviolet=5,synthesizeantiquewhite=8
12,bugattimarcos=OrchestratorFunk,chevroletleone=RepresentativeKuhn,city=Briannechester,created_at=1531691840,email=rickrippin@christiansen.info,fiatkeaton=EngineerOkuneva,first_name=Norris,ip=161.81.158.44,last_name=Ferry,bypassmediumslateblue=5,bypassorangered=4,inputorchid=1,overridedarkturquoise=3,transmitgray=4
13,city=Stantonburgh,created_at=1559771840,email=wadeondricka@padberg.biz,first_name=Benton,ip=92.208.208.30,ladagayle=DeveloperKohler,last_name=Dibbert,bypassantiquewhite=6,connectdarkorange=6,copygreenyellow=5,generatesandybrown=4,rebootdeepskyblue=3
14,city=Windlerstad,created_at=1541368640,email=jaylansimonis@waters.name,first_name=Chance,ip=73.45.195.16,last_name=Huel,lexusjovani=ExecutiveGlover,compressdarkslateblue=2,generatelinen=6,indexslategray=6,quantifyseagreen=2,rebootlemonchiffon=5
15,benzquinn=SpecialistLuettgen,chevroletsheridan=ExecutiveSenger,chryslercaterina=SpecialistKunde,city=Lake Rempel,created_at=1557007040,email=chaimschowalter@smitham.com,first_name=Ezekiel,ip=165.70.184.130,last_name=Lynch,pontiackenya=OfficerSwift,hackviolet=3,indexlightpink=8,parsemintcream=5,rebootmaroon=5,transmitantiquewhite=6
16,city=New Hoeger,created_at=1533851840,email=rachelroberts@sporer.biz,first_name=Haylie,ip=112.166.8.223,kiachesley=RepresentativeRitchie,last_name=Paucek,maseratibrooks=OrchestratorConnelly,rolls-royceclementina=DeveloperAbshire,bypasshotpink=4,calculateoldlace=4,programcornsilk=2,synthesizeteal=3,transmitrosybrown=9
17,chevroletnova=FacilitatorGibson,city=Port Stoltenberg,created_at=1541195840,email=eldridgemills@beier.com,first_name=Janie,ip=18.163.128.54,jeepleta=AgentWehner,land roverdavion=AssistantCole,last_name=Schoen,ligierlilian=DirectorKunze,spykerfredrick=CoordinatorBayer,hackfloralwhite=6,hackindianred=2,hackthistle=3,parsemediumseagreen=6,transmitwheat=4
18,city=South Quigley,created_at=1537135040,email=lavinialeuschke@beatty.name,first_name=Karli,ip=69.170.109.2,lanciaholden=OrchestratorSanford,last_name=Herzog,opelderon=ArchitectPouros,compresslightcyan=7,compressslateblue=6,navigatenavajowhite=5,overridedarkgray=3,quantifyhotpink=4
19,city=North Franecki,created_at=1556488640,email=lorenbergnaum@orn.biz,first_name=Florencio,ip=192.180.13.8,last_name=Jacobs,mclarenjarrett=FacilitatorRomaguera,backupivory=6,bypassdarkturquoise=3,indexmediumturquoise=9,synthesizedarkgreen=4,transmitforestgreen=4
2,city=Elisetown,created_at=1549317440,email=andreannebaumbach@homenick.biz,first_name=Domingo,ip=77.62.224.247,last_name=Pollich,porschemelany=SpecialistCorkery,saabmyrtle=CoordinatorLegros,calculatesilver=8,generatemintcream=13,quantifydarkgray=4,quantifydarkseagreen=4,synthesizeivory=5
20,city=Schimmelfurt,created_at=1531519040,daihatsuallan=ManagerOberbrunner,email=emiliehoeger@sawayn.biz,fiatmadisen=DesignerGrant,first_name=Lucienne,fordphilip=AssociateAbernathy,ip=187.10.13.4,last_name=Braun,maseratielouise=AnalystHaley,overridehotpink=4,overridesnow=4,programpowderblue=3,transmitmediumslateblue=2,transmitpalevioletred=2
3,citroenlaura=ProducerMurazik,citroenrene=SpecialistBoyer,city=North Hartmann,created_at=1560290240,email=madelinepaucek@christiansen.biz,first_name=Kade,ip=201.111.20.63,jeepwilber=OrchestratorRatke,last_name=Runolfsdottir,spykerjohnson=AssociateWehner,subarueugene=OrchestratorPfeffer,calculateaquamarine=7,compresspaleturquoise=6,hackolive=4,programskyblue=5,transmitblack=4
4,chryslerkaylin=DesignerBogan,city=Fredrickbury,created_at=1556834240,email=noebernier@murray.com,first_name=Eve,ip=224.105.43.66,last_name=Tillman,martinisamson=ArchitectMraz,spykeroral=ExecutiveMraz,indexdarkslategray=5,overridepeachpuff=4,quantifylightcoral=6,rebootdeepskyblue=4,transmitpink=4
5,benzdestinee=ExecutiveRoberts,city=Vanessaborough,created_at=1549317440,email=brianweissnat@bruen.name,farboudjerry=TechnicianDickinson,first_name=Mckayla,ip=19.201.55.237,last_name=Gulgowski,backupmediumturquoise=6,bypassdarkseagreen=4,connectsienna=8,copylightgoldenrodyellow=2,navigatemediumblue=6
6,city=Schoenton,created_at=1558994240,email=cordiaschimmel@langosh.name,first_name=Dora,ip=243.95.98.64,last_name=McGlynn,mazdajacquelyn=OfficerKiehn,mercedes-benzbradford=StrategistVandervort,nobleevert=AdministratorGutmann,toyotajanie=DirectorSchaefer,calculatedarkkhaki=2,compressdarkslategray=4,navigateblueviolet=7,parsetan=3,programdarkgoldenrod=6
7,city=North Kilback,created_at=1543269440,email=anselhodkiewicz@adams.com,first_name=Christophe,hyundaivern=CoordinatorDuBuque,ip=135.188.16.163,last_name=Schuster,lexusrylan=ArchitectStamm,skodavicente=DirectorJerde,teslaemory=PlannerJerde,volkswagenburnice=AssociateGerlach,bypassmaroon=4,connectsalmon=6,indexblack=9,overridepeachpuff=6,programseashell=7
8,benzchaz=ExecutiveOReilly,city=Schaeferchester,created_at=1559512640,email=beaujaskolski@bailey.biz,first_name=Tristin,ip=152.66.87.174,last_name=Hermann,lincolnchelsey=ArchitectJewess,roveralda=RepresentativeMcLaughlin,roverphoebe=AssociateRowe,indexpapayawhip=6,inputlimegreen=3,inputspringgreen=4,rebootlightseagreen=6,synthesizesteelblue=7
9,aston martinjazmyne=OfficerGaylord,city=Alenaberg,created_at=1544911040,email=khalidblanda@homenick.info,first_name=Katrina,ip=83.169.129.33,last_name=Dare,rolls-roycevalentin=ManagerKuhic,skodapatsy=ArchitectFadel,toyotaemelie=FacilitatorGrimes,bypasscadetblue=8,bypasslightpink=8,calculatedarkgray=5,hackmaroon=6,quantifythistle=4
